split,val/mixture,val/sisnr,val/sisnr_i
../dataset/Audio/TIMIT/TRAIN,0.023258553817868233,-8.0768404006958,-8.100116729736328
../dataset/Audio/ESC50,-0.11166374385356903,-13.296551704406738,-13.184898376464844
self,-0.05865076929330826,-8.855348587036133,-8.796704292297363
