split,val/mixture,val/sisnr,val/sisnr_i
../dataset/Audio/aishell/aishell-dev,0.022274712100625038,-3.4698173999786377,-3.49208927154541
../dataset/Audio/ESC50,-0.054957110434770584,-13.373139381408691,-13.3181791305542
self,0.07557348161935806,-3.824800491333008,-3.9003803730010986
../dataset/Audio/DEMAND,-0.0068160793744027615,-18.50844383239746,-18.501636505126953
